,crosstalk,distance,error,pix1,pix2
0,0.0010707247692861633,1.0,1.2315806445981178e-05,0,1
1,1.1977166277120235e-05,2.0,1.3188754798975837e-06,0,2
2,6.3799801412431245e-06,3.0,7.718450103848331e-07,0,3
3,7.970900953590583e-06,4.0,1.0788955354795055e-06,0,4
4,6.822685453007727e-06,5.0,9.061046453090364e-07,0,5
5,2.38768416485726e-06,6.0,5.861465885745443e-07,0,6
6,3.358827671915269e-06,7.0,2.74652974357376e-07,0,7
7,4.74240367557111e-06,8.0,6.560515519133036e-07,0,8
8,2.6147483946537054e-06,9.0,6.155760616537523e-07,0,9
9,2.6661938076667853e-06,10.0,5.779118556642591e-07,0,10
10,2.3827094528622576e-06,11.0,5.881640515524443e-07,0,11
11,,1.0,,0,12
12,,1.4142135623730951,,0,13
13,1.1674060286058958e-05,2.23606797749979,1.1173331507357039e-06,0,14
14,8.41730277763344e-06,3.1622776601683795,5.246104478494218e-07,0,15
15,6.810349145414227e-06,4.123105625617661,9.72159314354946e-07,0,16
16,3.7644956064390084e-06,5.0990195135927845,7.039229419905821e-07,0,17
17,4.306391378465391e-06,6.082762530298219,7.877444720728839e-07,0,18
18,3.0488378108580872e-06,7.0710678118654755,3.2589983862477523e-07,0,19
19,4.790083197707808e-06,8.06225774829855,7.774123308385492e-07,0,20
20,1.8299438226477924e-06,9.055385138137417,4.890343581517183e-07,0,21
21,4.478749701582899e-06,10.04987562112089,7.348234926993668e-07,0,22
22,2.7379744631826797e-06,11.045361017187261,3.997554806113676e-07,0,23
23,1.57987415189398e-05,2.0,1.2595272056260699e-06,0,24
24,1.7483035657494666e-05,2.23606797749979,1.5883010268387185e-06,0,25
25,5.301122958100973e-06,2.8284271247461903,7.856462407311631e-07,0,26
26,8.503047003003824e-06,3.605551275463989,1.0729720147482645e-06,0,27
27,8.244129847557627e-06,4.47213595499958,7.106133488999605e-07,0,28
28,3.6642347374352683e-06,5.385164807134504,2.5037303964592196e-07,0,29
29,5.664883689009034e-06,6.324555320336759,7.952974688431835e-07,0,30
30,2.547142066974585e-06,7.280109889280518,5.01047075056836e-07,0,31
31,2.5912975656236856e-06,8.246211251235321,6.125844233809158e-07,0,32
32,3.56066145970153e-06,9.219544457292887,5.381231116833263e-07,0,33
33,1.9043686808784268e-06,10.198039027185569,3.1929882165708106e-07,0,34
34,1.6267650927218623e-06,11.180339887498949,4.080659971018297e-07,0,35
35,8.364183054439282e-06,3.0,9.82778706103296e-07,0,36
36,9.932902792577175e-06,3.1622776601683795,1.2031178883481336e-06,0,37
37,8.260166104327808e-06,3.605551275463989,1.0735209283076863e-06,0,38
38,6.206549617992225e-06,4.242640687119285,5.631628410329593e-07,0,39
39,6.668816317844142e-06,5.0,9.014533705008572e-07,0,40
40,4.502548338856604e-06,5.830951894845301,7.292721039936131e-07,0,41
41,5.213148139787877e-06,6.708203932499369,7.579889209786102e-07,0,42
42,3.1583796376350526e-06,7.615773105863909,5.277408748962453e-07,0,43
43,3.3055768654180565e-06,8.54400374531753,6.511597822961602e-07,0,44
44,2.6382667430304165e-06,9.486832980505138,6.1031541405164e-07,0,45
45,2.2348292758796918e-06,10.44030650891055,5.682902157289623e-07,0,46
46,2.673078077285862e-06,11.40175425099138,6.229722815656877e-07,0,47
47,0.0010380005647609427,1.0,3.277558426878261e-05,1,2
48,1.1076429990467838e-05,2.0,1.520536458175975e-06,1,3
49,4.388903901062553e-06,3.0,2.1731738861504256e-06,1,4
50,8.064618233438314e-06,4.0,1.8363538799038968e-06,1,5
51,7.578119992005532e-06,5.0,2.710881357928743e-06,1,6
52,4.568833297467331e-06,6.0,3.4400421970687056e-07,1,7
53,3.3846645709352963e-06,7.0,8.146491560634533e-07,1,8
54,2.9971427763305832e-06,8.0,1.747195594531344e-06,1,9
55,6.846220738819281e-06,9.0,1.8210060684499382e-06,1,10
56,6.16499211183609e-06,10.0,2.5220567196563707e-06,1,11
57,,1.4142135623730951,,1,12
58,,1.0,,1,13
59,0.00016392501876997222,1.4142135623730951,6.911102128305234e-06,1,14
60,1.2549876361153821e-05,2.23606797749979,7.132998673022483e-07,1,15
61,7.88287280946473e-06,3.1622776601683795,2.4743400800432163e-06,1,16
62,6.0370902984684934e-06,4.123105625617661,1.8963415987637352e-06,1,17
63,8.227228644547506e-07,5.0990195135927845,8.975437183091071e-07,1,18
64,4.362177174729158e-06,6.082762530298219,4.3752965778099297e-07,1,19
65,2.133675712378348e-06,7.0710678118654755,1.031000444192409e-06,1,20
66,4.035057351318497e-06,8.06225774829855,1.5257934777542937e-06,1,21
67,1.400008396050343e-06,9.055385138137417,7.676036194899759e-07,1,22
68,1.7301893091339695e-06,10.04987562112089,3.927811585618548e-07,1,23
69,1.7327690891398805e-05,2.23606797749979,2.0708933590136085e-06,1,24
70,1.3701418765623611e-05,2.0,3.6797020564693998e-06,1,25
71,1.4818493122138917e-05,2.23606797749979,2.3558660002027086e-06,1,26
72,5.917569878727235e-06,2.8284271247461903,2.0081762788992354e-06,1,27
73,7.446552639214264e-06,3.605551275463989,8.458713342467914e-07,1,28
74,5.4310395919940934e-06,4.47213595499958,3.2152790559452646e-07,1,29
75,5.1384160912864376e-06,5.385164807134504,1.3005498758020058e-06,1,30
76,6.037770824894424e-06,6.324555320336759,1.1950728325748962e-06,1,31
77,6.008362008132292e-06,7.280109889280518,2.467449521217325e-06,1,32
78,2.1870890260316227e-06,8.246211251235321,5.856028213723668e-07,1,33
79,3.4007914505389237e-06,9.219544457292887,5.162428512841099e-07,1,34
80,3.506190748963282e-06,10.198039027185569,9.54202911953901e-07,1,35
81,6.7041068325256256e-06,3.1622776601683795,1.5637968301869716e-06,1,36
82,1.1699960536214286e-05,3.0,3.5210503803044707e-06,1,37
83,6.604507237990148e-06,3.1622776601683795,2.2994708467674085e-06,1,38
84,6.672669589497238e-06,3.605551275463989,6.991415239158565e-07,1,39
85,3.738650406381115e-06,4.242640687119285,1.2782514069553473e-06,1,40
86,5.056530222340078e-06,5.0,1.4088491981231627e-06,1,41
87,3.9005128324770965e-06,5.830951894845301,1.111881868546288e-06,1,42
88,3.9521376224423385e-06,6.708203932499369,8.537780417491914e-07,1,43
89,3.5256123789536723e-06,7.615773105863909,1.3703234845243952e-06,1,44
90,3.838005004320345e-06,8.54400374531753,1.8155159931276999e-06,1,45
91,3.885755482113219e-06,9.486832980505138,1.969764935265623e-06,1,46
92,2.0379272506365643e-06,10.44030650891055,1.4500445881345252e-06,1,47
93,0.0009140023405859386,1.0,1.4087274936394683e-05,2,3
94,1.3855576137663353e-05,2.0,4.302827412262478e-06,2,4
95,7.5872952805851e-06,3.0,1.8526458815185245e-06,2,5
96,8.454190266715226e-06,4.0,3.1532851631613797e-06,2,6
97,5.295397652819393e-06,5.0,3.712194026883642e-07,2,7
98,4.058001319133496e-06,6.0,9.082664338017649e-07,2,8
99,5.339145785825419e-06,7.0,2.58201653341113e-06,2,9
100,1.779933899875831e-06,8.0,9.720856328312378e-07,2,10
101,2.915484793125181e-06,9.0,1.9231615583541286e-06,2,11
102,,2.23606797749979,,2,12
103,,1.4142135623730951,,2,13
104,0.0010584228526491933,1.0,1.8051277969873438e-05,2,14
105,0.0001599446558617889,1.4142135623730951,2.5560428052074023e-06,2,15
106,1.9639409214244013e-05,2.23606797749979,4.212788044173954e-06,2,16
107,6.701654131414648e-06,3.1622776601683795,2.115236239419375e-06,2,17
108,6.19497645474767e-06,4.123105625617661,2.7151683212939065e-06,2,18
109,5.510057521526655e-06,5.0990195135927845,4.937025327033968e-07,2,19
110,5.176752767689664e-06,6.082762530298219,1.683595792846883e-06,2,20
111,5.7600471814510415e-06,7.0710678118654755,1.9263124086080326e-06,2,21
112,1.7308947582020236e-06,8.06225774829855,8.879885487237157e-07,2,22
113,2.4562739597911323e-06,9.055385138137417,4.7181804999652417e-07,2,23
114,6.95521913930305e-06,2.8284271247461903,1.3424238286676516e-06,2,24
115,1.3505337419692095e-05,2.23606797749979,4.031458520754336e-06,2,25
116,1.5378784556616753e-05,2.0,2.4856977582969053e-06,2,26
117,1.8200709544099503e-05,2.23606797749979,3.7614448135856512e-06,2,27
118,1.0222373761229237e-05,2.8284271247461903,9.997966992995385e-07,2,28
119,6.184802219267685e-06,3.605551275463989,3.437078683333399e-07,2,29
120,5.8187994097446e-06,4.47213595499958,1.4271324477121179e-06,2,30
121,7.045796219287889e-06,5.385164807134504,1.3195333079672829e-06,2,31
122,4.0535659953815824e-06,6.324555320336759,2.242701027321691e-06,2,32
123,3.823461270334653e-06,7.280109889280518,7.85504408800358e-07,2,33
124,2.9696679470547717e-06,8.246211251235321,4.858689023157381e-07,2,34
125,1.4115239618892907e-06,9.219544457292887,6.201798816877313e-07,2,35
126,7.869819350680758e-06,3.605551275463989,1.7531534051645167e-06,2,36
127,5.694377497444492e-06,3.1622776601683795,2.732282302299388e-06,2,37
128,1.1048650683364467e-05,3.0,3.216221721052014e-06,2,38
129,6.36803964930814e-06,3.1622776601683795,6.875679558142455e-07,2,39
130,6.622924942831019e-06,3.605551275463989,1.7728560589389382e-06,2,40
131,3.5894899101044126e-06,4.242640687119285,1.231552105246152e-06,2,41
132,4.174734491902609e-06,5.0,1.184779161693964e-06,2,42
133,3.3182147136517336e-06,5.830951894845301,7.957044886646595e-07,2,43
134,2.76138202565915e-06,6.708203932499369,1.2757765850317887e-06,2,44
135,4.017993990845547e-06,7.615773105863909,2.021277021425948e-06,2,45
136,2.730994905909677e-06,8.54400374531753,1.8243548142160985e-06,2,46
137,4.184064300597035e-06,9.486832980505138,2.303875483439427e-06,2,47
138,0.001010071042301717,1.0,1.487115610718127e-05,3,4
139,1.0503868058614147e-05,2.0,1.3193780502879292e-06,3,5
140,4.983769746189263e-06,3.0,1.0326286458069637e-06,3,6
141,6.783072465873589e-06,4.0,4.0067944017728833e-07,3,7
142,4.665124406462108e-06,5.0,7.304832500929261e-07,3,8
143,2.8617421657138794e-06,6.0,7.866601369846134e-07,3,9
144,3.085230514521525e-06,7.0,7.35246895363252e-07,3,10
145,3.1383458856858273e-06,8.0,8.249237886011145e-07,3,11
146,,3.1622776601683795,,3,12
147,,2.23606797749979,,3,13
148,0.00014299583865411266,1.4142135623730951,4.49596823941052e-06,3,14
149,0.00108150651297167,1.0,6.184280069515079e-06,3,15
150,0.00015446565488516897,1.4142135623730951,5.597808952787938e-06,3,16
151,1.2770851638312619e-05,2.23606797749979,1.5491710874819632e-06,3,17
152,8.036812868628383e-06,3.1622776601683795,1.3127120664422858e-06,3,18
153,5.671399514857816e-06,4.123105625617661,4.632331289631734e-07,3,19
154,4.9026392314707275e-06,5.0990195135927845,9.315263676355568e-07,3,20
155,5.9376746754218695e-06,6.082762530298219,1.050958273281202e-06,3,21
156,2.438147817614087e-06,7.0710678118654755,6.364731671878104e-07,3,22
157,1.1648078465736083e-06,8.06225774829855,2.7999815543555757e-07,3,23
158,1.0018302096168024e-05,3.605551275463989,1.1419081269336027e-06,3,24
159,8.30610600512684e-06,2.8284271247461903,1.3358642929739903e-06,3,25
160,1.2527016904411993e-05,2.23606797749979,1.4087122099293308e-06,3,26
161,1.6631542385877687e-05,2.0,1.8040959739838302e-06,3,27
162,1.29319070956562e-05,2.23606797749979,9.593848550515325e-07,3,28
163,7.928591548202576e-06,2.8284271247461903,3.756803184919002e-07,3,29
164,6.596393000082822e-06,3.605551275463989,9.936851030591e-07,3,30
165,9.073158476946456e-06,4.47213595499958,1.07371446288595e-06,3,31
166,5.861930455988411e-06,5.385164807134504,1.1252654426827186e-06,3,32
167,5.0347590235730345e-06,6.324555320336759,7.088440241886455e-07,3,33
168,3.5275726848568436e-06,7.280109889280518,4.637387239864779e-07,3,34
169,3.0134782848452326e-06,8.246211251235321,6.341523084966773e-07,3,35
170,7.474046913790117e-06,4.242640687119285,1.082007413451383e-06,3,36
171,6.31436208606603e-06,3.605551275463989,1.1733646189949556e-06,3,37
172,4.322207967322824e-06,3.1622776601683795,9.399925113665472e-07,3,38
173,5.140702369661286e-06,3.0,5.452131717140718e-07,3,39
174,7.983844937441671e-06,3.1622776601683795,1.1602524540291981e-06,3,40
175,5.235375580042086e-06,3.605551275463989,9.196514906352024e-07,3,41
176,4.830478720908243e-06,4.242640687119285,8.429780310236055e-07,3,42
177,7.684828254666994e-06,5.0,9.20764870655815e-07,3,43
178,5.646815840132871e-06,5.830951894845301,1.0114100035168442e-06,3,44
179,3.0695470705375905e-06,6.708203932499369,7.990968969694676e-07,3,45
180,2.5535190852290583e-06,7.615773105863909,7.41513154146631e-07,3,46
181,3.788848248891405e-06,8.54400374531753,9.063940166370656e-07,3,47
182,0.0009873819508303648,1.0,2.1328656885702425e-05,4,5
183,1.756313448500124e-05,2.0,4.649891915598363e-06,4,6
184,7.033689210885386e-06,3.0,4.280434427717194e-07,4,7
185,7.116731533288034e-06,4.0,1.2074786759098878e-06,4,8
186,5.696268269754492e-06,5.0,2.7324833441244827e-06,4,9
187,3.5803711543944012e-06,6.0,1.3927896803351026e-06,4,10
188,4.876869686254727e-07,7.0,8.061983804152771e-07,4,11
189,,4.123105625617661,,4,12
190,,3.1622776601683795,,4,13
191,1.3509063081616938e-05,2.23606797749979,2.050278295882994e-06,4,14
192,0.00017566696595669792,1.4142135623730951,2.680824975985339e-06,4,15
193,0.0011090102061934413,1.0,3.223184940368166e-05,4,16
194,0.0001412816266671324,1.4142135623730951,9.838099759608738e-06,4,17
195,1.1568666608916241e-05,2.23606797749979,3.797101645095152e-06,4,18
196,6.884542881825034e-06,3.1622776601683795,5.523188887650284e-07,4,19
197,4.864772324490499e-06,4.123105625617661,1.6492970905526755e-06,4,20
198,6.695919895772297e-06,5.0990195135927845,2.102773252200242e-06,4,21
199,5.149563208246448e-06,6.082762530298219,1.5450553003700768e-06,4,22
200,3.267253414022814e-06,7.0710678118654755,5.450993975064869e-07,4,23
201,6.133028535001585e-06,4.47213595499958,1.2668254468419508e-06,4,24
202,2.8970266852725935e-06,3.605551275463989,1.911311711115205e-06,4,25
203,6.3795513254690905e-06,2.8284271247461903,1.6133029882263538e-06,4,26
204,1.8876468005733502e-05,2.23606797749979,3.888407383199683e-06,4,27
205,1.4941003836539994e-05,2.0,1.210971304542874e-06,4,28
206,1.3166088652145607e-05,2.23606797749979,5.016651055680029e-07,4,29
207,9.94907204422999e-06,2.8284271247461903,1.8786368165442987e-06,4,30
208,5.771901481016298e-06,3.605551275463989,1.1999414834388643e-06,4,31
209,5.648074595488855e-06,4.47213595499958,2.711905201640802e-06,4,32
210,4.820416492177907e-06,5.385164807134504,8.847007720526798e-07,4,33
211,4.3412850706927e-06,6.324555320336759,5.883429085925651e-07,4,34
212,3.78363027543025e-06,7.280109889280518,1.0206693129724157e-06,4,35
213,7.34259572637002e-06,5.0,1.70609782349946e-06,4,36
214,6.079853167350066e-06,4.242640687119285,2.896196258404776e-06,4,37
215,7.684980127641587e-06,3.605551275463989,2.7312763420599224e-06,4,38
216,6.403998588400302e-06,3.1622776601683795,6.904796113263808e-07,4,39
217,8.336171944725296e-06,3.0,2.0071402298720542e-06,4,40
218,8.087606498273101e-06,3.1622776601683795,1.8636178256168954e-06,4,41
219,6.7634732310577775e-06,3.605551275463989,1.5177366570010384e-06,4,42
220,6.3852116809990655e-06,4.242640687119285,1.1078108875699477e-06,4,43
221,2.3563380639058724e-06,5.0,1.1919040074474788e-06,4,44
222,2.170984906284929e-06,5.830951894845301,1.515278165673868e-06,4,45
223,4.014176954418622e-07,6.708203932499369,7.161875337359789e-07,4,46
224,4.485892281740263e-06,7.615773105863909,2.4450951614121106e-06,4,47
225,0.0010625753563622798,1.0,2.1625524656672698e-05,5,6
226,1.0208632690436044e-05,2.0,5.061316933888475e-07,5,7
227,6.911475959192373e-06,3.0,1.043822713328188e-06,5,8
228,2.989840359725446e-06,4.0,1.1591739527920622e-06,5,9
229,7.183820101298301e-06,5.0,1.47368325325321e-06,5,10
230,5.313410848920174e-06,6.0,1.5496830264065246e-06,5,11
231,,5.0990195135927845,,5,12
232,,4.123105625617661,,5,13
233,9.09605524576548e-06,3.1622776601683795,1.3947491272068503e-06,5,14
234,1.4637773643649644e-05,2.23606797749979,7.51643483734901e-07,5,15
235,0.000168012661287077,1.4142135623730951,8.148401037314479e-06,5,16
236,0.001112756977713589,1.0,1.9525138526096095e-05,5,17
237,0.00016267561738794284,1.4142135623730951,8.476226005930655e-06,5,18
238,1.4925875396157837e-05,2.23606797749979,7.88119442657484e-07,5,19
239,5.301581881469282e-06,3.1622776601683795,1.2770910319329274e-06,5,20
240,7.2175822876805266e-06,4.123105625617661,1.5571867592076595e-06,5,21
241,5.306387201787032e-06,5.0990195135927845,1.210833336837868e-06,5,22
242,4.305684247326474e-06,6.082762530298219,5.878889517378467e-07,5,23
243,4.455262063343857e-06,5.385164807134504,9.18258645636902e-07,5,24
244,4.61397044889946e-06,4.47213595499958,1.430353144496705e-06,5,25
245,7.102144864684077e-06,3.605551275463989,1.3471780913639335e-06,5,26
246,8.361861447074158e-06,2.8284271247461903,1.756360627636028e-06,5,27
247,1.2726485200028399e-05,2.23606797749979,1.0451471747779544e-06,5,28
248,1.1744398175268107e-05,2.0,4.673203982398272e-07,5,29
249,1.6531148275813145e-05,2.23606797749979,1.965036251232319e-06,5,30
250,7.67798742718924e-06,2.8284271247461903,1.1846689593563284e-06,5,31
251,3.861185102576845e-06,3.605551275463989,1.3158033757516486e-06,5,32
252,6.607213102164884e-06,4.47213595499958,9.311200217637343e-07,5,33
253,5.99488628689592e-06,5.385164807134504,6.542837417995981e-07,5,34
254,5.515693750710241e-06,6.324555320336759,1.0405560793967626e-06,5,35
255,6.3255361863295555e-06,5.830951894845301,1.2599350097645455e-06,5,36
256,5.471113607067678e-06,5.0,1.5816543678602198e-06,5,37
257,2.9924813681361643e-06,4.242640687119285,1.0957445914179875e-06,5,38
258,7.2941378964330045e-06,3.605551275463989,6.998014160796805e-07,5,39
259,5.926053522742407e-06,3.1622776601683795,1.2954101477548618e-06,5,40
260,5.486246277459644e-06,3.0,1.2030096436380512e-06,5,41
261,7.687083330463499e-06,3.1622776601683795,1.3220177150522602e-06,5,42
262,5.881431209018727e-06,3.605551275463989,9.39375209431507e-07,5,43
263,4.261200552213648e-06,4.242640687119285,1.1685047037647502e-06,5,44
264,7.539792726532466e-06,5.0,1.769613205909484e-06,5,45
265,3.782569717933771e-06,5.830951894845301,1.2980916864146517e-06,5,46
266,7.936214220526394e-07,6.708203932499369,5.989100383244964e-07,5,47
267,0.0009338559959533065,1.0,4.927900126524923e-06,6,7
268,2.4214012941434083e-05,2.0,2.2044024744475086e-06,6,8
269,7.120994221825201e-06,3.0,2.8695647664969346e-06,6,9
270,8.175596219894494e-06,4.0,2.0488762808791646e-06,6,10
271,6.0831482567132415e-06,5.0,2.6717230916390798e-06,6,11
272,,6.082762530298219,,6,12
273,,5.0990195135927845,,6,13
274,6.6648482680123695e-06,4.123105625617661,1.417807118250857e-06,6,14
275,6.895289532433294e-06,3.1622776601683795,5.299806642578899e-07,6,15
276,1.4119031353197031e-05,2.23606797749979,3.4730444927982e-06,6,16
277,0.00016824717550568543,1.4142135623730951,1.0380078381310655e-05,6,17
278,0.0010240712925141304,1.0,3.3669793757766335e-05,6,18
279,0.00018316239551783607,1.4142135623730951,2.842698291387332e-06,6,19
280,1.6950536962541795e-05,2.23606797749979,2.9945529494674377e-06,6,20
281,1.0893695462161759e-05,3.1622776601683795,2.596200710302958e-06,6,21
282,2.779536301247229e-06,4.123105625617661,1.1092369747361785e-06,6,22
283,4.598233835275348e-06,5.0990195135927845,6.43691196080315e-07,6,23
284,4.802512539892835e-06,6.324555320336759,1.1063701771005356e-06,6,24
285,1.2399188292133553e-05,5.385164807134504,3.7222934670459215e-06,6,25
286,7.313986538269777e-06,4.47213595499958,1.6926044198281508e-06,6,26
287,5.298934353306962e-06,3.605551275463989,1.9809332138287007e-06,6,27
288,7.06456521570755e-06,2.8284271247461903,8.285611363174699e-07,6,28
289,1.3390275797891041e-05,2.23606797749979,5.054263508218287e-07,6,29
290,1.6061290676890548e-05,2.0,2.344953976998341e-06,6,30
291,1.3004922297124877e-05,2.23606797749979,1.778715864954369e-06,6,31
292,3.6185858467550186e-06,2.8284271247461903,2.039601374528732e-06,6,32
293,8.308706310165768e-06,3.605551275463989,1.1520174911953726e-06,6,33
294,7.184751661305556e-06,4.47213595499958,7.538260767807728e-07,6,34
295,5.6869618889008405e-06,5.385164807134504,1.2341396287092293e-06,6,35
296,3.629176788832641e-06,6.708203932499369,1.1759405537800471e-06,6,36
297,8.75378228195825e-06,5.830951894845301,3.254042163046651e-06,6,37
298,6.719003686295456e-06,5.0,2.436237139873756e-06,6,38
299,6.576121916264853e-06,4.242640687119285,6.970589882611329e-07,6,39
300,8.0422818967863e-06,3.605551275463989,1.9246341082450477e-06,6,40
301,8.197818257701044e-06,3.1622776601683795,1.8365310950149164e-06,6,41
302,9.10821028545079e-06,3.0,1.7314984845336058e-06,6,42
303,7.915682648908167e-06,3.1622776601683795,1.2215515748595868e-06,6,43
304,4.151323278920257e-06,3.605551275463989,1.5355804955181642e-06,6,44
305,3.6099553918208395e-06,4.242640687119285,1.8565028664319747e-06,6,45
306,4.655268011484742e-06,5.0,2.2941898124572685e-06,6,46
307,6.083118820845484e-06,5.830951894845301,2.6717119249263845e-06,6,47
308,0.0010795745896474522,1.0,5.039175286285662e-06,7,8
309,1.2851784441301988e-05,2.0,5.782060138587974e-07,7,9
310,7.1848185858211326e-06,3.0,4.263593949442446e-07,7,10
311,7.160294972409716e-06,4.0,4.3165440378788343e-07,7,11
312,,7.0710678118654755,,7,12
313,,6.082762530298219,,7,13
314,5.3537988729683006e-06,5.0990195135927845,3.6183441731430183e-07,7,14
315,7.438499489060277e-06,4.123105625617661,3.4602478450142017e-07,7,15
316,7.5740271737023504e-06,3.1622776601683795,4.4212274238604303e-07,7,16
317,1.127495451749349e-05,2.23606797749979,5.367303113560131e-07,7,17
318,0.00016411373868938442,1.4142135623730951,2.065301049555993e-06,7,18
319,0.0011046376422111544,1.0,4.2843146496192614e-06,7,19
320,0.00017146173387584112,1.4142135623730951,2.084501115590236e-06,7,20
321,1.3700121295190032e-05,2.23606797749979,5.912342148082755e-07,7,21
322,7.617870439414027e-06,3.1622776601683795,4.373007789124308e-07,7,22
323,7.600428891119576e-06,4.123105625617661,3.9515585865012374e-07,7,23
324,3.939250761271749e-06,7.280109889280518,3.080924879481111e-07,7,24
325,4.361875294416949e-06,6.324555320336759,3.3671745317196996e-07,7,25
326,4.857862665292944e-06,5.385164807134504,3.479278116787338e-07,7,26
327,6.359868136119295e-06,4.47213595499958,4.0420142822943235e-07,7,27
328,7.617579167639174e-06,3.605551275463989,3.9892328235434207e-07,7,28
329,5.476905419854159e-06,2.8284271247461903,2.466947084089917e-07,7,29
330,1.3082116071747311e-05,2.23606797749979,5.683625146830229e-07,7,30
331,1.3563287978547074e-05,2.0,5.704034604923602e-07,7,31
332,1.3009539449322347e-05,2.23606797749979,5.817056097826492e-07,7,32
333,6.226709851572586e-06,2.8284271247461903,3.7688338737067234e-07,7,33
334,5.3235768221169695e-06,3.605551275463989,3.2558296353407384e-07,7,34
335,6.271486923802654e-06,4.47213595499958,3.8963197840914286e-07,7,35
336,3.2499563712677772e-06,7.615773105863909,2.843272629061876e-07,7,36
337,3.1642240388207854e-06,6.708203932499369,2.870434350905624e-07,7,37
338,5.0135501565839045e-06,5.830951894845301,3.59888011342738e-07,7,38
339,4.761134304591967e-06,5.0,3.052094688907967e-07,7,39
340,6.5804752323222815e-06,4.242640687119285,4.068849288883757e-07,7,40
341,7.373552114387029e-06,3.605551275463989,4.293079108481078e-07,7,41
342,7.67282234176679e-06,3.1622776601683795,4.346460487783691e-07,7,42
343,8.423201606278786e-06,3.0,4.432042261778348e-07,7,43
344,7.425788060726599e-06,3.1622776601683795,4.3447947104625546e-07,7,44
345,6.333413254660831e-06,3.605551275463989,4.049387437756735e-07,7,45
346,6.4640209038965085e-06,4.242640687119285,4.099583093665645e-07,7,46
347,5.208278693554152e-06,5.0,3.6814371107092977e-07,7,47
348,0.0011149767674016164,1.0,1.5041474502184193e-05,8,9
349,1.3218566732421013e-05,2.0,1.4822644486514725e-06,8,10
350,7.909325955197644e-06,3.0,1.267772508848445e-06,8,11
351,,8.06225774829855,,8,12
352,,7.0710678118654755,,8,13
353,6.440103394381304e-06,6.082762530298219,9.338756148384144e-07,8,14
354,5.047564974511242e-06,5.0990195135927845,4.19974318587487e-07,8,15
355,8.285993487658727e-06,4.123105625617661,1.2575714003275136e-06,8,16
356,1.055213885309899e-05,3.1622776601683795,1.3689686577296516e-06,8,17
357,1.4047420915087294e-05,2.23606797749979,1.6806861331546606e-06,8,18
358,0.0001647818357132337,1.4142135623730951,2.4826630316240572e-06,8,19
359,0.0009698452756094042,1.0,1.2763495766241695e-05,8,20
360,0.00015680694053408446,1.4142135623730951,5.252278990262254e-06,8,21
361,1.3299844951358141e-05,2.23606797749979,1.4497597232983726e-06,8,22
362,7.282319417009081e-06,3.1622776601683795,6.929326481422118e-07,8,23
363,2.893598096043431e-06,8.246211251235321,6.017042191674226e-07,8,24
364,4.441967945764449e-06,7.280109889280518,9.459818544590207e-07,8,25
365,5.307919880483317e-06,6.324555320336759,8.953112123178681e-07,8,26
366,5.487261270810834e-06,5.385164807134504,1.006260023346995e-06,8,27
367,4.87135895494729e-06,4.47213595499958,5.824484088003349e-07,8,28
368,5.8916298645635695e-06,3.605551275463989,3.2295772293122905e-07,8,29
369,8.530507863427587e-06,2.8284271247461903,1.1047336274485754e-06,8,30
370,1.299673842802359e-05,2.23606797749979,1.2605463231260108e-06,8,31
371,1.0035382024912162e-05,2.0,1.4254817709370237e-06,8,32
372,1.1457142515159373e-05,2.23606797749979,1.05317574447509e-06,8,33
373,6.33321527223937e-06,2.8284271247461903,6.155914176304528e-07,8,34
374,8.972047223418558e-06,3.605551275463989,1.072322680042768e-06,8,35
375,2.492934035267289e-06,8.54400374531753,6.102884810885555e-07,8,36
376,3.563039884038879e-06,7.615773105863909,8.531183067803918e-07,8,37
377,4.653039945445085e-06,6.708203932499369,9.45865072542163e-07,8,38
378,2.4217708501540666e-06,5.830951894845301,3.709133768030218e-07,8,39
379,4.64024520464343e-06,5.0,8.623414220426756e-07,8,40
380,5.0236957698049296e-06,4.242640687119285,8.79175320822812e-07,8,41
381,9.037968416414966e-06,3.605551275463989,1.1277095802776939e-06,8,42
382,8.522513765447681e-06,3.1622776601683795,9.535231110609224e-07,8,43
383,5.206450582142415e-06,3.0,9.450620001472978e-07,8,44
384,8.586691910968752e-06,3.1622776601683795,1.2955027282745768e-06,8,45
385,7.118933446677199e-06,3.605551275463989,1.1988358551100656e-06,8,46
386,8.112523826680926e-06,4.242640687119285,1.283954097304933e-06,8,47
387,0.0009398251633373284,1.0,2.226180168547569e-05,9,10
388,1.902376857760056e-05,2.0,4.867927795562784e-06,9,11
389,,9.055385138137417,,9,12
390,,8.06225774829855,,9,13
391,3.8991854281308115e-06,7.0710678118654755,1.0926166140967365e-06,9,14
392,5.2508396206013425e-06,6.082762530298219,4.6295114266033504e-07,9,15
393,1.5037592715472475e-06,5.0990195135927845,1.1581282529543814e-06,9,16
394,6.589268372732826e-06,4.123105625617661,2.0873204855618353e-06,9,17
395,3.7156957635317735e-06,3.1622776601683795,2.084837030264488e-06,9,18
396,1.4019263713547321e-05,2.23606797749979,7.872490528964926e-07,9,19
397,0.00016481882600640242,1.4142135623730951,9.462930049465622e-06,9,20
398,0.0011078372549039616,1.0,2.6605215521837136e-05,9,21
399,0.0001555622733900716,1.4142135623730951,8.391203855218291e-06,9,22
400,1.388539776501985e-05,2.23606797749979,1.121067838331261e-06,9,23
401,1.449560047921515e-06,9.219544457292887,6.116948166122116e-07,9,24
402,4.959916910859025e-06,8.246211251235321,2.422026571651904e-06,9,25
403,2.4524299462888526e-06,7.280109889280518,9.897335097048906e-07,9,26
404,3.3473436692103852e-06,6.324555320336759,1.60404816383999e-06,9,27
405,5.457549748192551e-06,5.385164807134504,7.300039085570711e-07,9,28
406,5.907813568778026e-06,4.47213595499958,3.35876493623037e-07,9,29
407,7.474278104543798e-06,3.605551275463989,1.6133570013458006e-06,9,30
408,1.0162666624880515e-05,2.8284271247461903,1.5819077612764846e-06,9,31
409,7.605228529565669e-06,2.23606797749979,3.0445825656986288e-06,9,32
410,1.3413484108965541e-05,2.0,1.4695499326121077e-06,9,33
411,1.401968981967088e-05,2.23606797749979,1.0550814104034994e-06,9,34
412,8.94729852744418e-06,2.8284271247461903,1.5583417026799585e-06,9,35
413,3.1099218168236553e-06,9.486832980505138,1.0989600452241975e-06,9,36
414,4.106827571138373e-07,8.54400374531753,7.268672119048843e-07,9,37
415,5.3173488122163775e-06,7.615773105863909,2.2161659755942266e-06,9,38
416,2.6635203400224354e-06,6.708203932499369,4.444324247976567e-07,9,39
417,3.2252503358334396e-06,5.830951894845301,1.2329249463680012e-06,9,40
418,5.613007857880115e-06,5.0,1.535341316670976e-06,9,41
419,4.432322036678045e-06,4.242640687119285,1.2178109825411548e-06,9,42
420,8.7667947785901e-06,3.605551275463989,1.2915751583517742e-06,9,43
421,2.687897509120273e-06,3.1622776601683795,1.253328895979462e-06,9,44
422,3.920622652438803e-06,3.0,1.9820401622269244e-06,9,45
423,9.834867449413765e-06,3.1622776601683795,3.4317947832952796e-06,9,46
424,4.075977761349671e-06,3.605551275463989,2.253241266389244e-06,9,47
425,0.0010263855833943679,1.0,2.3342890421361224e-05,10,11
426,,10.04987562112089,,10,12
427,,9.055385138137417,,10,13
428,2.7025298881915916e-06,8.06225774829855,7.88303822332351e-07,10,14
429,3.2756172589641803e-06,7.0710678118654755,3.5782943842802004e-07,10,15
430,3.2651416980486355e-06,6.082762530298219,1.217175554322235e-06,10,16
431,4.840548830480239e-06,5.0990195135927845,1.3657360921099247e-06,10,17
432,1.031640705083404e-05,4.123105625617661,2.307439790817204e-06,10,18
433,6.305211101852987e-06,3.1622776601683795,5.157565519387545e-07,10,19
434,1.0723068254464023e-05,2.23606797749979,1.9151314101045572e-06,10,20
435,0.0001559720618936603,1.4142135623730951,7.673025185110602e-06,10,21
436,0.0009545898845398958,1.0,1.7035621649207017e-05,10,22
437,0.00016715605424919662,1.4142135623730951,3.712320389365761e-06,10,23
438,2.554074041219758e-06,10.198039027185569,7.178189009661134e-07,10,24
439,2.6200062819810307e-06,9.219544457292887,1.1656457222687273e-06,10,25
440,1.9205742034459654e-06,8.246211251235321,7.317954210027654e-07,10,26
441,1.6718829290435604e-06,7.280109889280518,8.374788589574194e-07,10,27
442,4.397035326086408e-06,6.324555320336759,6.23134900248004e-07,10,28
443,5.2803099283040235e-06,5.385164807134504,3.1430539775259485e-07,10,29
444,5.161671637484844e-06,4.47213595499958,1.1425155091140982e-06,10,30
445,5.326840426700004e-06,3.605551275463989,1.017626855627981e-06,10,31
446,9.573704581310633e-06,2.8284271247461903,2.2428269607827833e-06,10,32
447,1.1780463092707951e-05,2.23606797749979,1.2708677352712483e-06,10,33
448,1.5351419931618147e-05,2.0,1.0594531129514807e-06,10,34
449,1.5090472391837898e-05,2.23606797749979,1.7791924094823613e-06,10,35
450,-7.090584344422378e-07,10.44030650891055,,10,36
451,1.887696282615093e-06,9.486832980505138,1.007395658595797e-06,10,37
452,4.8283067683316684e-06,8.54400374531753,1.4932279166507966e-06,10,38
453,4.321488997173735e-06,7.615773105863909,5.446575409375328e-07,10,39
454,3.887963516266036e-06,6.708203932499369,1.101491765142338e-06,10,40
455,5.40207672636539e-06,5.830951894845301,1.2488119799612532e-06,10,41
456,6.538846411440237e-06,5.0,1.2673003903477677e-06,10,42
457,7.156745185983183e-06,4.242640687119285,1.062618960633166e-06,10,43
458,8.312381959901372e-06,3.605551275463989,1.7248796992849596e-06,10,44
459,6.259913419505264e-06,3.1622776601683795,1.7344950561832142e-06,10,45
460,6.842256958318492e-06,3.0,1.8888318232513707e-06,10,46
461,1.0256657659438518e-05,3.1622776601683795,2.3322838712305147e-06,10,47
462,,11.045361017187261,,11,12
463,,10.04987562112089,,11,13
464,1.8126799804726762e-06,9.055385138137417,7.464124643695662e-07,11,14
465,4.043327039467838e-06,8.06225774829855,4.063511339649418e-07,11,15
466,6.969815266454693e-06,7.0710678118654755,2.5074334262148493e-06,11,16
467,4.019328101446358e-06,6.082762530298219,1.6370439862539388e-06,11,17
468,1.329951693772281e-05,5.0990195135927845,3.973662979790044e-06,11,18
469,6.651047021814964e-06,4.123105625617661,5.423925787421619e-07,11,19
470,1.0086975725475347e-05,3.1622776601683795,2.3488646852108585e-06,11,20
471,1.539738627874192e-05,2.23606797749979,3.1474987751629868e-06,11,21
472,0.00016469511642856722,1.4142135623730951,8.658729529664676e-06,11,22
473,0.0009849937425828697,1.0,9.452084708041365e-06,11,23
474,2.2822133390156203e-06,11.180339887498949,7.687784736248963e-07,11,24
475,2.6635090035511645e-06,10.198039027185569,1.7882290673930423e-06,11,25
476,1.308273548797287e-06,9.219544457292887,7.247075534088808e-07,11,26
477,1.8670825195493895e-06,8.246211251235321,1.203811503886336e-06,11,27
478,2.8790919494485107e-06,7.280109889280518,5.305427967454389e-07,11,28
479,4.513677014312171e-06,6.324555320336759,2.936184366134697e-07,11,29
480,6.506770143863055e-06,5.385164807134504,1.5086263919365958e-06,11,30
481,6.293381945529552e-06,4.47213595499958,1.2467866864923517e-06,11,31
482,4.039222820612807e-06,3.605551275463989,2.23601514949336e-06,11,32
483,1.0267243728292723e-05,2.8284271247461903,1.287004342384512e-06,11,33
484,1.0829778373027991e-05,2.23606797749979,9.277754001621648e-07,11,34
485,1.4203370143491743e-05,2.0,1.9667818993471065e-06,11,35
486,4.344017356381358e-06,11.40175425099138,1.3020167211944203e-06,11,36
487,1.7525527007197052e-06,10.44030650891055,1.5138416167306426e-06,11,37
488,7.431079344084378e-07,9.486832980505138,8.333306936311453e-07,11,38
489,3.983107170504523e-06,8.54400374531753,5.437404787294372e-07,11,39
490,7.557856256227041e-06,7.615773105863909,1.8929816225129659e-06,11,40
491,4.001354408605825e-06,6.708203932499369,1.299751841404206e-06,11,41
492,5.17238442926825e-06,5.830951894845301,1.3183346887755694e-06,11,42
493,4.071770222614833e-06,5.0,8.812725614664219e-07,11,43
494,5.695138752307045e-06,4.242640687119285,1.8311069549010912e-06,11,44
495,8.063945219897624e-06,3.605551275463989,2.860645011253047e-06,11,45
496,7.583157883791673e-06,3.1622776601683795,3.0363890908414026e-06,11,46
497,5.434728577890685e-06,3.0,2.6224688036402797e-06,11,47
498,,1.0,,12,13
499,,2.0,,12,14
500,,3.0,,12,15
501,,4.0,,12,16
502,,5.0,,12,17
503,,6.0,,12,18
504,,7.0,,12,19
505,,8.0,,12,20
506,,9.0,,12,21
507,,10.0,,12,22
508,,11.0,,12,23
509,,1.0,,12,24
510,,1.4142135623730951,,12,25
511,,2.23606797749979,,12,26
512,,3.1622776601683795,,12,27
513,,4.123105625617661,,12,28
514,,5.0990195135927845,,12,29
515,,6.082762530298219,,12,30
516,,7.0710678118654755,,12,31
517,,8.06225774829855,,12,32
518,,9.055385138137417,,12,33
519,,10.04987562112089,,12,34
520,,11.045361017187261,,12,35
521,,2.0,,12,36
522,,2.23606797749979,,12,37
523,,2.8284271247461903,,12,38
524,,3.605551275463989,,12,39
525,,4.47213595499958,,12,40
526,,5.385164807134504,,12,41
527,,6.324555320336759,,12,42
528,,7.280109889280518,,12,43
529,,8.246211251235321,,12,44
530,,9.219544457292887,,12,45
531,,10.198039027185569,,12,46
532,,11.180339887498949,,12,47
533,,1.0,,13,14
534,,2.0,,13,15
535,,3.0,,13,16
536,,4.0,,13,17
537,,5.0,,13,18
538,,6.0,,13,19
539,,7.0,,13,20
540,,8.0,,13,21
541,,9.0,,13,22
542,,10.0,,13,23
543,,1.4142135623730951,,13,24
544,,1.0,,13,25
545,,1.4142135623730951,,13,26
546,,2.23606797749979,,13,27
547,,3.1622776601683795,,13,28
548,,4.123105625617661,,13,29
549,,5.0990195135927845,,13,30
550,,6.082762530298219,,13,31
551,,7.0710678118654755,,13,32
552,,8.06225774829855,,13,33
553,,9.055385138137417,,13,34
554,,10.04987562112089,,13,35
555,,2.23606797749979,,13,36
556,,2.0,,13,37
557,,2.23606797749979,,13,38
558,,2.8284271247461903,,13,39
559,,3.605551275463989,,13,40
560,,4.47213595499958,,13,41
561,,5.385164807134504,,13,42
562,,6.324555320336759,,13,43
563,,7.280109889280518,,13,44
564,,8.246211251235321,,13,45
565,,9.219544457292887,,13,46
566,,10.198039027185569,,13,47
567,0.0010256063189836768,1.0,6.172053545999102e-06,14,15
568,1.9538212273710462e-05,2.0,2.3388086881585215e-06,14,16
569,9.521611950667766e-06,3.0,1.5500159774306047e-06,14,17
570,8.236251660925039e-06,4.0,1.578477113842646e-06,14,18
571,4.753615408929274e-06,5.0,4.354342721470737e-07,14,19
572,4.076034407424565e-06,6.0,9.745556544596596e-07,14,20
573,4.737127495946868e-06,7.0,1.0858610241814225e-06,14,21
574,3.375437686367816e-06,8.0,8.510453294294313e-07,14,22
575,3.896353047035266e-06,9.0,5.372491928664626e-07,14,23
576,1.505830919390098e-05,2.23606797749979,1.5430010640203418e-06,14,24
577,0.00015849224868058316,1.4142135623730951,6.934665589627729e-06,14,25
578,0.0010871036564689333,1.0,1.4821002735433392e-05,14,26
579,0.00017314263645185776,1.4142135623730951,6.793953122407516e-06,14,27
580,1.5760608098675596e-05,2.23606797749979,1.1143602919494413e-06,14,28
581,6.041075651069483e-06,3.1622776601683795,3.319646026902358e-07,14,29
582,4.731859400158849e-06,4.123105625617661,9.42903455424216e-07,14,30
583,5.654653852454728e-06,5.0990195135927845,9.318565134033612e-07,14,31
584,3.567432182809676e-06,6.082762530298219,1.0442918834229968e-06,14,32
585,3.931916410900916e-06,7.0710678118654755,6.737413080308555e-07,14,33
586,3.6315757413569847e-06,8.06225774829855,4.913055480441498e-07,14,34
587,3.534827478679596e-06,9.055385138137417,7.59049364310083e-07,14,35
588,6.966592895702144e-06,2.8284271247461903,1.177354794201567e-06,14,36
589,1.494019364332036e-05,2.23606797749979,2.151335131479976e-06,14,37
590,1.7344521215692336e-05,2.0,2.2155714308436744e-06,14,38
591,1.0677181913154e-05,2.23606797749979,8.185517796179826e-07,14,39
592,8.500124837455274e-06,2.8284271247461903,1.3634420718295887e-06,14,40
593,6.729548390298713e-06,3.605551275463989,1.18014021576195e-06,14,41
594,5.455013852146912e-06,4.47213595499958,1.001434932735438e-06,14,42
595,6.540478180747358e-06,5.385164807134504,9.212694733475343e-07,14,43
596,2.6834734459877682e-06,6.324555320336759,8.029760250554484e-07,14,44
597,2.1390836139064122e-06,7.280109889280518,7.875555955674047e-07,14,45
598,4.507126920363642e-07,8.246211251235321,3.703607897009883e-07,14,46
599,3.6568130322796315e-06,9.219544457292887,1.0601562845478589e-06,14,47
600,0.0010986820617303857,1.0,6.658874873508915e-06,15,16
601,1.380414056331141e-05,2.0,7.401776875726654e-07,15,17
602,8.368582298024662e-06,3.0,5.839798519578872e-07,15,18
603,6.903755397265943e-06,4.0,3.8612686020497437e-07,15,19
604,4.976950821728742e-06,5.0,4.4156869925283737e-07,15,20
605,5.736985213462363e-06,6.0,4.766533509716209e-07,15,21
606,4.089835052718259e-06,7.0,3.974244958358026e-07,15,22
607,3.3105387606451773e-06,8.0,3.087312497918163e-07,15,23
608,1.0624259234317877e-05,3.1622776601683795,6.209046053128048e-07,15,24
609,1.3550573764199647e-05,2.23606797749979,7.432495993701105e-07,15,25
610,0.0001614901026316677,1.4142135623730951,2.4834639306194177e-06,15,26
611,0.0010275666180612048,1.0,6.416319608320723e-06,15,27
612,0.0001711604974758827,1.4142135623730951,2.2463424890465973e-06,15,28
613,1.1846206789011837e-05,2.23606797749979,3.9467046116477385e-07,15,29
614,8.204779156708999e-06,3.1622776601683795,5.558471453800459e-07,15,30
615,6.141869848032851e-06,4.123105625617661,4.7049573304348854e-07,15,31
616,5.10479795437326e-06,5.0990195135927845,4.5642046323827364e-07,15,32
617,5.198528528772673e-06,6.082762530298219,4.170019564952775e-07,15,33
618,5.975271107281282e-06,7.0710678118654755,4.058402311365338e-07,15,34
619,3.0106097505237912e-06,8.06225774829855,3.3166569005498757e-07,15,35
620,7.774248629647158e-06,3.605551275463989,5.441126723705853e-07,15,36
621,9.108159232647699e-06,2.8284271247461903,6.102035385737057e-07,15,37
622,1.4115006244660845e-05,2.23606797749979,7.549309397226419e-07,15,38
623,1.118920127392619e-05,2.0,5.486693852858729e-07,15,39
624,1.2690795723622338e-05,2.23606797749979,7.012720280070875e-07,15,40
625,8.33481904901176e-06,2.8284271247461903,5.654799477085882e-07,15,41
626,6.415938571753937e-06,3.605551275463989,4.904514781727409e-07,15,42
627,6.8571575003739944e-06,4.47213595499958,4.867731070123487e-07,15,43
628,5.007158845437214e-06,5.385164807134504,4.440367877404847e-07,15,44
629,4.366202620919321e-06,6.324555320336759,4.2059106526186006e-07,15,45
630,3.609245879823241e-06,7.280109889280518,3.8366681070963755e-07,15,46
631,3.512359145021964e-06,8.246211251235321,3.7873143859869965e-07,15,47
632,0.000991253125539241,1.0,2.3361112801080826e-05,16,17
633,1.599063433115361e-05,2.0,3.7118510881057987e-06,16,18
634,6.953766456234782e-06,3.0,5.507348958772524e-07,16,19
635,4.369971736672061e-06,4.0,1.4267899684828281e-06,16,20
636,8.685404028400465e-06,5.0,2.1536498002907066e-06,16,21
637,6.437277479194466e-06,6.0,1.5997359104247387e-06,16,22
638,5.2586494452979375e-06,7.0,6.805502418164847e-07,16,23
639,7.37550109179413e-06,4.123105625617661,1.328367415332419e-06,16,24
640,8.329073192791113e-06,3.1622776601683795,2.6897489246683766e-06,16,25
641,1.218991606489871e-05,2.23606797749979,2.0830566695535596e-06,16,26
642,0.00019678836522430738,1.4142135623730951,1.1068053653871872e-05,16,27
643,0.001133543961380261,1.0,1.0372946009135184e-05,16,28
644,0.00016393230043823117,1.4142135623730951,1.7642846186711231e-06,16,29
645,1.607048158824619e-05,2.23606797749979,2.2490048704333743e-06,16,30
646,8.295448079847922e-06,3.1622776601683795,1.3782700120190844e-06,16,31
647,3.25834482489961e-06,4.123105625617661,1.700931562763786e-06,16,32
648,5.262512988488297e-06,5.0990195135927845,8.986150875055972e-07,16,33
649,6.568028054522646e-06,6.082762530298219,7.13548999153021e-07,16,34
650,1.6136713880071454e-06,7.0710678118654755,6.359326334458695e-07,16,35
651,5.906194037240837e-06,4.47213595499958,1.4318492696454388e-06,16,36
652,6.286513549567484e-06,3.605551275463989,2.409225373115598e-06,16,37
653,7.796376102983477e-06,2.8284271247461903,2.3696679618378673e-06,16,38
654,9.851762749998449e-06,2.23606797749979,8.45215774183415e-07,16,39
655,1.7086165362767403e-05,2.0,2.6530580419814395e-06,16,40
656,1.661405446355867e-05,2.23606797749979,2.4866479107021145e-06,16,41
657,7.795630671802396e-06,2.8284271247461903,1.5382937935108712e-06,16,42
658,6.361362555397604e-06,3.605551275463989,1.0695326170783537e-06,16,43
659,4.858466401532164e-06,4.47213595499958,1.5520629621432126e-06,16,44
660,3.1427573949417723e-06,5.385164807134504,1.5525905967770273e-06,16,45
661,4.051845788102301e-06,6.324555320336759,1.8845791968507566e-06,16,46
662,5.165647018851249e-06,7.280109889280518,2.1586397060774893e-06,16,47
663,0.0010500286151784572,1.0,2.602575327408553e-05,17,18
664,1.2101660152243554e-05,2.0,7.204136024318021e-07,17,19
665,7.820718915206959e-06,3.0,1.7554562429422067e-06,17,20
666,6.279431943615071e-06,4.0,1.6654837683805318e-06,17,21
667,3.442973093444937e-06,5.0,1.0883591628242938e-06,17,22
668,5.696015516904939e-06,6.0,6.963901162413362e-07,17,23
669,4.966383359179632e-06,5.0990195135927845,1.04234857026348e-06,17,24
670,7.659820846689284e-06,4.123105625617661,2.2284290193941643e-06,17,25
671,6.730345117746547e-06,3.1622776601683795,1.4501295513798642e-06,17,26
672,1.4285978985798974e-05,2.23606797749979,2.674023045062665e-06,17,27
673,0.00016943728587748245,1.4142135623730951,3.9361274012603255e-06,17,28
674,0.0010799533252228415,1.0,4.513680374641575e-06,17,29
675,0.0001722906539036465,1.4142135623730951,6.949044840219582e-06,17,30
676,1.1090267913141735e-05,2.23606797749979,1.5267032721479677e-06,17,31
677,1.0504676747809264e-05,3.1622776601683795,2.6310926793697654e-06,17,32
678,8.691059254103894e-06,4.123105625617661,1.121643268237655e-06,17,33
679,5.6570291279643975e-06,5.0990195135927845,6.523979991855025e-07,17,34
680,4.9408540948921325e-06,6.082762530298219,1.0619271964876527e-06,17,35
681,3.7236507906285633e-06,5.385164807134504,1.0667819219747586e-06,17,36
682,6.888383456541962e-06,4.47213595499958,2.1615588960064596e-06,17,37
683,5.412129345534049e-06,3.605551275463989,1.7438859610242204e-06,17,38
684,8.091206274956308e-06,2.8284271247461903,7.553397633103472e-07,17,39
685,1.363987567260591e-05,2.23606797749979,2.199793381563594e-06,17,40
686,3.3837379232237926e-05,2.0,3.3155926632488352e-06,17,41
687,1.4413128296600913e-05,2.23606797749979,1.9775461367201794e-06,17,42
688,7.35992541648229e-06,2.8284271247461903,1.1119696760188971e-06,17,43
689,6.019385228107622e-06,3.605551275463989,1.5810234585379332e-06,17,44
690,8.881648173963516e-06,4.47213595499958,2.2891019812452157e-06,17,45
691,5.13501283182628e-06,5.385164807134504,1.830764302297781e-06,17,46
692,5.352836431466545e-06,6.324555320336759,1.8891892279071467e-06,17,47
693,0.0011285225182961493,1.0,7.0610287638494776e-06,18,19
694,2.7711056761675346e-05,2.0,3.83895057825905e-06,18,20
695,9.125689283864491e-06,3.0,2.3835317974395717e-06,18,21
696,9.497165918161979e-06,4.0,2.05491070351303e-06,18,22
697,6.719850775385804e-06,5.0,7.78496461737076e-07,18,23
698,4.854417383535626e-06,6.082762530298219,1.1137427479965901e-06,18,24
699,3.5205159937386435e-06,5.0990195135927845,1.9945156238269707e-06,18,25
700,5.806543618229451e-06,4.123105625617661,1.511064191068528e-06,18,26
701,7.606180377750913e-06,3.1622776601683795,2.382108815195088e-06,18,27
702,1.6647431840639716e-05,2.23606797749979,1.2725273333985733e-06,18,28
703,0.00017770013437716555,1.4142135623730951,1.8415512138111812e-06,18,29
704,0.0010134185047180784,1.0,1.8667846952356975e-05,18,30
705,0.00017357259075217335,1.4142135623730951,6.506586083079281e-06,18,31
706,2.1125583009943096e-05,2.23606797749979,4.956514473521777e-06,18,32
707,9.483464478229157e-06,3.1622776601683795,1.2317447540657545e-06,18,33
708,5.650482877811466e-06,4.123105625617661,6.687723078273917e-07,18,34
709,7.352846149773773e-06,5.0990195135927845,1.4051747300406484e-06,18,35
710,5.210078132521571e-06,6.324555320336759,1.4116488669861407e-06,18,36
711,7.656127228194847e-06,5.385164807134504,3.061631294658465e-06,18,37
712,6.805418224871378e-06,4.47213595499958,2.4626750331739955e-06,18,38
713,6.18063575059942e-06,3.605551275463989,6.76021366638346e-07,18,39
714,7.652072218484628e-06,2.8284271247461903,1.881668477157726e-06,18,40
715,1.983570274171598e-05,2.23606797749979,2.8626230657321444e-06,18,41
716,1.7432607319096978e-05,2.0,2.3993813502217233e-06,18,42
717,1.4204326466759098e-05,2.23606797749979,1.6378949478390884e-06,18,43
718,7.635715406937152e-06,2.8284271247461903,2.088491992967517e-06,18,44
719,9.453405855150669e-06,3.605551275463989,3.0186169911356825e-06,18,45
720,1.1590812169271647e-05,4.47213595499958,3.6405448352861026e-06,18,46
721,4.988591738222161e-06,5.385164807134504,2.4336577377271617e-06,18,47
722,0.0009743226569663339,1.0,6.422170237792065e-06,19,20
723,1.2524320280427666e-05,2.0,7.320320694377294e-07,19,21
724,7.087355659561849e-06,3.0,5.432532460196075e-07,19,22
725,5.914292056303244e-06,4.0,4.2428723796160064e-07,19,23
726,3.7454063360483875e-06,7.0710678118654755,3.8190703774692536e-07,19,24
727,4.7273726502434605e-06,6.082762530298219,4.5684466691288186e-07,19,25
728,5.541360877912279e-06,5.0990195135927845,4.774484425888555e-07,19,26
729,7.633593622555278e-06,4.123105625617661,5.747788191362177e-07,19,27
730,5.969649203688072e-06,3.1622776601683795,4.3160375733042183e-07,19,28
731,1.201086877338077e-05,2.23606797749979,4.024059554714675e-07,19,29
732,0.00016590042652494733,1.4142135623730951,2.593072855273319e-06,19,30
733,0.0009767066313936764,1.0,6.14787639622799e-06,19,31
734,0.00014096091554933546,1.4142135623730951,2.496190975527248e-06,19,32
735,1.3017248538277157e-05,2.23606797749979,6.816394388962783e-07,19,33
736,8.494750350341907e-06,3.1622776601683795,4.96935918756423e-07,19,34
737,4.362946123819125e-06,4.123105625617661,4.1372121010155943e-07,19,35
738,2.5234739878763393e-06,7.280109889280518,3.2172102518585804e-07,19,36
739,5.266141027551073e-06,6.324555320336759,4.829028419757773e-07,19,37
740,5.342702068945357e-06,5.385164807134504,4.831450833390542e-07,19,38
741,6.768095446036525e-06,4.47213595499958,4.379330305544128e-07,19,39
742,5.3085892177146074e-06,3.605551275463989,4.710269567548429e-07,19,40
743,7.648677383846184e-06,2.8284271247461903,5.623519576540967e-07,19,41
744,1.2061509788517413e-05,2.23606797749979,6.974775266139313e-07,19,42
745,1.073879607060243e-05,2.0,6.299560207256302e-07,19,43
746,1.3617893974569232e-05,2.23606797749979,7.609773117928077e-07,19,44
747,7.138580661150652e-06,2.8284271247461903,5.595103085155247e-07,19,45
748,7.293670942130569e-06,3.605551275463989,5.675867578954983e-07,19,46
749,5.854769327859605e-06,4.47213595499958,5.088894205968222e-07,19,47
750,0.0010838025834297616,1.0,2.0458109575838972e-05,20,21
751,1.5249600280726065e-05,2.0,2.171130867073677e-06,20,22
752,7.546245584628366e-06,3.0,7.905747530303515e-07,20,23
753,2.358798289875545e-06,8.06225774829855,6.938529170228961e-07,20,24
754,2.2262831963153294e-06,7.0710678118654755,1.090821471170808e-06,20,25
755,3.2388960155572605e-06,6.082762530298219,9.580079897205894e-07,20,26
756,5.681011095637983e-06,5.0990195135927845,1.5626663396961184e-06,20,27
757,6.775559729801233e-06,4.123105625617661,7.75490334007774e-07,20,28
758,6.8679047014534345e-06,3.1622776601683795,3.586471909008126e-07,20,29
759,1.61790575588998e-05,2.23606797749979,2.0375788257629064e-06,20,30
760,0.00014380147101488886,1.4142135623730951,5.317372015470037e-06,20,31
761,0.0010647243314403794,1.0,2.402918249961515e-05,20,32
762,0.00014725096714499641,1.4142135623730951,4.51117480381027e-06,20,33
763,1.2783786545788493e-05,2.23606797749979,9.688309297954745e-07,20,34
764,7.597924469035602e-06,3.1622776601683795,1.2701127577568243e-06,20,35
765,1.101868240928719e-06,8.246211251235321,5.531981374928199e-07,20,36
766,4.219518626393903e-06,7.280109889280518,1.5298822062954762e-06,20,37
767,3.619269826834958e-06,6.324555320336759,1.3102682082585564e-06,20,38
768,2.917652082268766e-06,5.385164807134504,4.484135941009144e-07,20,39
769,5.0528951980653275e-06,4.47213595499958,1.2670890544473295e-06,20,40
770,7.404125138483136e-06,3.605551275463989,1.4742623971346847e-06,20,41
771,5.80202134811932e-06,2.8284271247461903,1.2022511591443044e-06,20,42
772,1.3472136571263812e-05,2.23606797749979,1.464572053869497e-06,20,43
773,1.555273274747848e-05,2.0,2.3839611087502255e-06,20,44
774,1.2937320598793874e-05,2.23606797749979,2.528564399389696e-06,20,45
775,4.962426973831026e-06,2.8284271247461903,1.6331442696799094e-06,20,46
776,1.1727853584535102e-05,3.605551275463989,2.532717658040287e-06,20,47
777,0.0010431381933986524,1.0,1.877896544643925e-05,21,22
778,1.2736632325311162e-05,2.0,1.0389424197634828e-06,21,23
779,2.5615823986043517e-06,9.055385138137417,7.44174955533756e-07,21,24
780,2.3215608130255304e-06,8.06225774829855,1.2057159690836582e-06,21,25
781,4.001554033503163e-06,7.0710678118654755,1.1087626331292328e-06,21,26
782,2.1060158521341977e-06,6.082762530298219,1.0129766295185522e-06,21,27
783,6.687387312903178e-06,5.0990195135927845,7.799724106590971e-07,21,28
784,5.62896602456462e-06,4.123105625617661,3.2552680542597317e-07,21,29
785,8.85988177738207e-06,3.1622776601683795,1.563811122033795e-06,21,30
786,1.0778038328896239e-05,2.23606797749979,1.4965199107754722e-06,21,31
787,0.00015705733214400983,1.4142135623730951,9.996551330565715e-06,21,32
788,0.0008684935475104065,1.0,1.1173350781105168e-05,21,33
789,0.00016354896418079365,1.4142135623730951,3.5009732811710295e-06,21,34
790,1.3716231030909415e-05,2.23606797749979,1.7584538270143645e-06,21,35
791,1.999306529087345e-06,9.219544457292887,7.752585386249619e-07,21,36
792,2.6587216476226653e-06,8.246211251235321,1.3187678530316495e-06,21,37
793,4.615685534871479e-06,7.280109889280518,1.586380945772085e-06,21,38
794,3.549132420580318e-06,6.324555320336759,4.993024221599839e-07,21,39
795,5.229288896496047e-06,5.385164807134504,1.3490912894301367e-06,21,40
796,5.958733246150068e-06,4.47213595499958,1.3791960415392786e-06,21,41
797,6.814153140348057e-06,3.605551275463989,1.3497927610464243e-06,21,42
798,8.093582688302785e-06,2.8284271247461903,1.1607785722722103e-06,21,43
799,9.004800880565678e-06,2.23606797749979,1.9122494458220592e-06,21,44
800,1.1380330909118759e-05,2.0,2.550528272402034e-06,21,45
801,8.674437263180156e-06,2.23606797749979,2.338295277619942e-06,21,46
802,1.0250030282567168e-05,2.8284271247461903,2.568047808354541e-06,21,47
803,0.0010661892058193261,1.0,9.261717264069702e-06,22,23
804,2.6161085470825163e-06,10.04987562112089,7.046806293687686e-07,22,24
805,3.3200305895915664e-06,9.055385138137417,1.2175049357527438e-06,22,25
806,4.3457213872659806e-06,8.06225774829855,1.0558941426210508e-06,22,26
807,2.4964234209953287e-06,7.0710678118654755,9.624150257167507e-07,22,27
808,6.012347974154238e-06,6.082762530298219,7.188399667051771e-07,22,28
809,5.117478342807062e-06,5.0990195135927845,3.085235872560891e-07,22,29
810,7.957350141038202e-06,4.123105625617661,1.3658002673296535e-06,22,30
811,6.82998007694063e-06,3.1622776601683795,1.1189160507443516e-06,22,31
812,1.9253515904037298e-05,2.23606797749979,2.948492226604555e-06,22,32
813,0.00016172480214212253,1.4142135623730951,4.6116843358546205e-06,22,33
814,0.0011385712427402512,1.0,9.02695907206046e-06,22,34
815,0.00017494722217656477,1.4142135623730951,5.8697001451757186e-06,22,35
816,2.3572917473230733e-06,10.198039027185569,7.706365728720815e-07,22,36
817,3.219437006202913e-06,9.219544457292887,1.2175983427815886e-06,22,37
818,2.222731489177095e-06,8.246211251235321,9.473019518228966e-07,22,38
819,3.3303016697564704e-06,7.280109889280518,4.731015003853261e-07,22,39
820,3.1419539998871783e-06,6.324555320336759,9.453154977092747e-07,22,40
821,5.545234888429747e-06,5.385164807134504,1.2119342503506394e-06,22,41
822,5.93000401603808e-06,4.47213595499958,1.1631839387420787e-06,22,42
823,8.051505898300353e-06,3.605551275463989,1.1003757490094625e-06,22,43
824,9.786256457589449e-06,2.8284271247461903,1.7752218144666623e-06,22,44
825,1.2622111067862275e-05,2.23606797749979,2.2970207230682493e-06,22,45
826,1.638236867698302e-05,2.0,2.7108409844473282e-06,22,46
827,1.7652836401663027e-05,2.23606797749979,2.834580779085767e-06,22,47
828,1.7278666540106758e-06,11.045361017187261,3.4997464655602395e-07,23,24
829,2.5234322896072874e-06,10.04987562112089,4.772599951373026e-07,23,25
830,3.3175639044865833e-06,9.055385138137417,5.103679684627865e-07,23,26
831,3.993697011853297e-06,8.06225774829855,5.884348608474713e-07,23,27
832,3.5813076451865336e-06,7.0710678118654755,4.182327597640537e-07,23,28
833,4.626590068351042e-06,6.082762530298219,2.7185606791974054e-07,23,29
834,6.529864697685257e-06,5.0990195135927845,7.058987615713246e-07,23,30
835,5.0639779087582106e-06,4.123105625617661,5.952058765445652e-07,23,31
836,8.428446866208175e-06,3.1622776601683795,8.73224111024671e-07,23,32
837,1.4719392666641658e-05,2.23606797749979,9.461079902455083e-07,23,33
838,0.00017782884856651742,1.4142135623730951,2.7913386705934962e-06,23,34
839,0.0010485883469961183,1.0,8.684604061976126e-06,23,35
840,2.0157175954618634e-06,11.180339887498949,3.96709921341275e-07,23,36
841,3.2909558845439124e-06,10.198039027185569,5.46715292572132e-07,23,37
842,2.0817030484781687e-06,9.219544457292887,4.289129959023845e-07,23,38
843,1.8301764625786883e-06,8.246211251235321,2.7778515236474794e-07,23,39
844,4.177326885991349e-06,7.280109889280518,5.814773301154615e-07,23,40
845,2.944209780525854e-06,6.324555320336759,4.831203111685292e-07,23,41
846,5.062880116809484e-06,5.385164807134504,6.188091337881073e-07,23,42
847,5.615892960477894e-06,4.47213595499958,6.021531458735939e-07,23,43
848,8.652825868706745e-06,3.605551275463989,8.51143775474683e-07,23,44
849,8.336694670907152e-06,2.8284271247461903,8.615665498446197e-07,23,45
850,1.5130536942623645e-05,2.23606797749979,1.1692128112612607e-06,23,46
851,1.3140416401339393e-05,2.0,1.0912002179308728e-06,23,47
852,0.0010579891515572306,1.0,1.6470439868671096e-05,24,25
853,1.6033624022746356e-05,2.0,1.697829506989815e-06,24,26
854,8.489857799235534e-06,3.0,1.395489867512442e-06,24,27
855,5.415035219797768e-06,4.0,6.380849903931422e-07,24,28
856,5.114437599519231e-06,5.0,3.037656739704201e-07,24,29
857,3.105824104714674e-06,6.0,7.236937108525746e-07,24,30
858,4.184029278657532e-06,7.0,7.665905909303053e-07,24,31
859,4.26294978800306e-06,8.0,1.0483069748492362e-06,24,32
860,2.6020271855935982e-06,9.0,5.298080266655886e-07,24,33
861,1.4163033589375342e-06,10.0,3.0080194662675246e-07,24,34
862,-3.4290893710904215e-07,11.0,,24,35
863,0.0009345690636859432,1.0,1.2885774592331333e-05,24,36
864,0.00016118992579680248,1.4142135623730951,6.482842044386047e-06,24,37
865,1.4109514460087073e-05,2.23606797749979,1.845818393287507e-06,24,38
866,8.839389792419362e-06,3.1622776601683795,7.3096948307681e-07,24,39
867,7.752293979363464e-06,4.123105625617661,1.2233050695755024e-06,24,40
868,5.716600034006907e-06,5.0990195135927845,1.0251265492071377e-06,24,41
869,4.561432491831448e-06,6.082762530298219,8.685012830938861e-07,24,42
870,4.460997851561316e-06,7.0710678118654755,7.325044069145327e-07,24,43
871,4.94554969516395e-06,8.06225774829855,1.0182585062886175e-06,24,44
872,1.4189308192663264e-06,9.055385138137417,5.914197333737413e-07,24,45
873,3.4176659748378273e-06,10.04987562112089,9.368739919323397e-07,24,46
874,1.5052810429352498e-06,11.045361017187261,6.243549414656236e-07,24,47
875,0.0011094489565097814,1.0,2.0937148490766595e-05,25,26
876,7.687999814275571e-06,2.0,2.4032878069716086e-06,25,27
877,7.161225878227775e-06,3.0,8.34992950658538e-07,25,28
878,5.8840295856303975e-06,4.0,3.3510337813580416e-07,25,29
879,3.834767775237607e-06,5.0,1.1496064750321695e-06,25,30
880,7.522058762930121e-06,6.0,1.355941242693073e-06,25,31
881,4.918573071429793e-06,7.0,2.4047132913971624e-06,25,32
882,2.6471756001229733e-06,8.0,6.512568941665013e-07,25,33
883,3.477389108405738e-06,9.0,5.248346809657254e-07,25,34
884,9.473962013249526e-07,10.0,5.050253906515135e-07,25,35
885,0.00015038422537648108,1.4142135623730951,7.598285253425194e-06,25,36
886,0.001011976256611418,1.0,3.542035383902363e-05,25,37
887,0.00017316992786996216,1.4142135623730951,1.247584478520636e-05,25,38
888,1.1183670501024883e-05,2.23606797749979,9.096773311104534e-07,25,39
889,6.789550465735519e-06,3.1622776601683795,1.7762982442471628e-06,25,40
890,7.505207185103047e-06,4.123105625617661,1.7642489637393493e-06,25,41
891,7.253229724724119e-06,5.0990195135927845,1.550077818212651e-06,25,42
892,4.429589611227841e-06,6.082762530298219,9.154599316076738e-07,25,43
893,9.43132197909194e-06,7.0710678118654755,2.327330940278145e-06,25,44
894,8.591016176587848e-06,8.06225774829855,2.890698943680929e-06,25,45
895,4.802046693108733e-06,9.055385138137417,2.355897973741884e-06,25,46
896,1.4629048772486211e-06,10.04987562112089,1.3252660314703307e-06,25,47
897,0.0009599155537365345,1.0,1.792878792847173e-05,26,27
898,1.2566059382168126e-05,2.0,1.0263460167142494e-06,26,28
899,6.607192469666125e-06,3.0,3.496111099667919e-07,26,29
900,6.288247222678114e-06,4.0,1.1743513042320552e-06,26,30
901,2.6800291707790457e-06,5.0,6.827494895371309e-07,26,31
902,3.6242267319725684e-06,6.0,1.2019563310786785e-06,26,32
903,2.5383229373150933e-06,7.0,5.668604612087291e-07,26,33
904,3.404147986366352e-06,8.0,4.882067346590698e-07,26,34
905,2.042799421422581e-06,9.0,6.166241465501283e-07,26,35
906,1.3482843572958078e-05,2.23606797749979,1.778376802367229e-06,26,36
907,0.00016125309650579802,1.4142135623730951,8.087920863338046e-06,26,37
908,0.0009072756736824256,1.0,1.810341547474892e-05,26,38
909,0.00015130073704825114,1.4142135623730951,3.1580381568871315e-06,26,39
910,1.1751481133001988e-05,2.23606797749979,1.7562687925557264e-06,26,40
911,4.992232717575773e-06,3.1622776601683795,1.1076090776681402e-06,26,41
912,7.17661989704659e-06,4.123105625617661,1.238757100189919e-06,26,42
913,3.183006350497346e-06,5.0990195135927845,6.770610759344232e-07,26,43
914,2.547211912593796e-06,6.082762530298219,8.656401395168502e-07,26,44
915,3.875735862860821e-06,7.0710678118654755,1.2011851862702479e-06,26,45
916,4.737330291471087e-06,8.06225774829855,1.37020750966662e-06,26,46
917,2.5126133657827736e-06,9.055385138137417,1.004329779785737e-06,26,47
918,0.0011239603236419462,1.0,1.0242015285608673e-05,27,28
919,1.2950959336050852e-05,2.0,4.950106652636464e-07,27,29
920,7.762073543742007e-06,3.0,1.5205790591999504e-06,27,30
921,8.634306560333189e-06,4.0,1.3780533285966327e-06,27,31
922,1.0975588489695611e-05,5.0,2.8989343778092e-06,27,32
923,5.1638715804046866e-06,6.0,8.7812139252812e-07,27,33
924,3.6564635253529584e-06,7.0,5.287256344624862e-07,27,34
925,4.263152552248144e-06,8.0,1.011109350796653e-06,27,35
926,5.310684266409719e-06,3.1622776601683795,1.317258191529992e-06,27,36
927,1.228035985536989e-05,2.23606797749979,3.118357960144899e-06,27,37
928,0.00015706615100447152,1.4142135623730951,1.0008519353245505e-05,27,38
929,0.0010493263229364948,1.0,8.671184893570524e-06,27,39
930,0.00015769231409230915,1.4142135623730951,7.777556375613927e-06,27,40
931,1.1524281127987758e-05,2.23606797749979,2.00500727658232e-06,27,41
932,2.7588800162913407e-06,3.1622776601683795,8.911254515453319e-07,27,42
933,5.4761656174562385e-06,4.123105625617661,9.766679830168872e-07,27,43
934,6.254942371108583e-06,5.0990195135927845,1.6874349754771968e-06,27,44
935,3.7867332082820436e-06,6.082762530298219,1.5976376142828137e-06,27,45
936,4.751700898119785e-06,7.0710678118654755,1.896839394925145e-06,27,46
937,3.4194070736123014e-06,8.06225774829855,1.6291158427582979e-06,27,47
938,0.0010001246096857264,1.0,4.025038127329462e-06,28,29
939,2.1107899048054e-05,2.0,1.3101538335870896e-06,28,30
940,5.168565042341827e-06,3.0,6.190553756007218e-07,28,31
941,5.432871804305636e-06,4.0,7.281713774494955e-07,28,32
942,5.320596271564374e-06,5.0,5.833165127248598e-07,28,33
943,5.61595619930956e-06,6.0,5.050147733433318e-07,28,34
944,4.000078180701034e-06,7.0,5.523702976062655e-07,28,35
945,6.059917655436087e-06,4.123105625617661,7.106061224729148e-07,28,36
946,8.094116930354396e-06,3.1622776601683795,8.906777730684561e-07,28,37
947,1.2563616667186402e-05,2.23606797749979,1.0934299435711444e-06,28,38
948,0.00016163128928344867,1.4142135623730951,2.656314233371226e-06,28,39
949,0.0009506682908901216,1.0,9.077716018695442e-06,28,40
950,0.00014675102955799565,1.4142135623730951,3.525769012291816e-06,28,41
951,1.2836554763115988e-05,2.23606797749979,1.0168663576848647e-06,28,42
952,5.766496906728857e-06,3.1622776601683795,6.267248791830105e-07,28,43
953,7.0129025594856335e-06,4.123105625617661,7.935386241122175e-07,28,44
954,4.487747052933154e-06,5.0990195135927845,6.561491058112793e-07,28,45
955,4.289742323092167e-06,6.082762530298219,6.465835213998327e-07,28,46
956,4.4434037126553625e-06,7.0710678118654755,6.59099250286355e-07,28,47
957,0.0011082719996822943,1.0,4.515085707828148e-06,29,30
958,1.3372321188576991e-05,2.0,4.903579513552202e-07,29,31
959,7.2023070115796625e-06,3.0,3.7083549639101177e-07,29,32
960,6.456455617129476e-06,4.0,3.3432476295581464e-07,29,33
961,6.030751285994267e-06,5.0,3.066179846881168e-07,29,34
962,5.141217516908831e-06,6.0,3.0508226690650026e-07,29,35
963,5.142715586172376e-06,5.0990195135927845,3.0823768476827077e-07,29,36
964,5.96827478426372e-06,4.123105625617661,3.377136411953344e-07,29,37
965,7.384201749504424e-06,3.1622776601683795,3.7455268160923614e-07,29,38
966,1.2561504471508853e-05,2.23606797749979,4.3948106451707826e-07,29,39
967,0.0001490051098268837,1.4142135623730951,1.66627836450598e-06,29,40
968,0.0009252202039851846,1.0,4.1437257467754415e-06,29,41
969,0.00015422304371651423,1.4142135623730951,1.681681006735068e-06,29,42
970,1.1765449709898193e-05,2.23606797749979,4.5509301643595215e-07,29,43
971,7.062181770248965e-06,3.1622776601683795,3.6412720557673636e-07,29,44
972,5.680581583665844e-06,4.123105625617661,3.2878099384181587e-07,29,45
973,5.130016883150272e-06,5.0990195135927845,3.1292756924981e-07,29,46
974,4.742920071805564e-06,6.082762530298219,3.009823458260476e-07,29,47
975,0.0011019509007052248,1.0,1.342892139487439e-05,30,31
976,1.4742066727787411e-05,2.0,2.263829061381693e-06,30,32
977,5.855076753959487e-06,3.0,8.415577676938102e-07,30,33
978,5.622119315188585e-06,4.0,6.194793300027993e-07,30,34
979,7.234442101399471e-06,5.0,1.1226056614256378e-06,30,35
980,3.2122465615316184e-06,6.082762530298219,8.328356429884223e-07,30,36
981,5.959645316491366e-06,5.0990195135927845,1.450289815771182e-06,30,37
982,9.076102241483931e-06,4.123105625617661,1.70047771786034e-06,30,38
983,6.528293806327808e-06,3.1622776601683795,6.481303461679168e-07,30,39
984,1.4821922628185575e-05,2.23606797749979,1.8835562747377196e-06,30,40
985,0.00018461804692772017,1.4142135623730951,6.45087675297789e-06,30,41
986,0.0010728349719025696,1.0,1.4590796533119134e-05,30,42
987,0.00014952335711822186,1.4142135623730951,4.5225488698020085e-06,30,43
988,1.2341456334295844e-05,2.23606797749979,1.8099783345754373e-06,30,44
989,9.636233075919683e-06,3.1622776601683795,1.7762837241476663e-06,30,45
990,7.0016988673229055e-06,4.123105625617661,1.5561939277955752e-06,30,46
991,6.506750519307926e-06,5.0990195135927845,1.5086233253662258e-06,30,47
992,0.0009253629809668616,1.0,1.5092498849731741e-05,31,32
993,9.857178099747195e-06,2.0,1.0209432142795906e-06,31,33
994,6.49469670835283e-06,3.0,6.403287660275494e-07,31,34
995,8.213426873717888e-06,4.0,1.088657697159883e-06,31,35
996,2.616236336370781e-06,7.0710678118654755,6.704200702437686e-07,31,36
997,5.195039247563484e-06,6.082762530298219,1.1363614180723614e-06,31,37
998,5.28146098405267e-06,5.0990195135927845,1.1046211052429538e-06,31,38
999,5.389964010234383e-06,4.123105625617661,5.675947515894126e-07,31,39
1000,8.702690399721553e-06,3.1622776601683795,1.273335100591725e-06,31,40
1001,1.216136793966537e-05,2.23606797749979,1.4701394210409198e-06,31,41
1002,0.00017461550117809813,1.4142135623730951,5.2927572990515375e-06,31,42
1003,0.0009631848052004474,1.0,1.0649394029097373e-05,31,43
1004,0.00015485969407883358,1.4142135623730951,5.5898223692516615e-06,31,44
1005,1.3492499071593846e-05,2.23606797749979,1.7830910334415675e-06,31,45
1006,8.563668426325103e-06,3.1622776601683795,1.4486275208264245e-06,31,46
1007,6.046357364409013e-06,4.123105625617661,1.2220720253810149e-06,31,47
1008,0.0010998285649881682,1.0,1.3308670853605259e-05,32,33
1009,1.3118762667571407e-05,2.0,1.020412170300133e-06,32,34
1010,6.475234119075216e-06,3.0,1.3247849521573525e-06,32,35
1011,4.2473306303143275e-06,8.06225774829855,1.283034739073614e-06,32,36
1012,1.6753525398737841e-06,7.0710678118654755,1.4633350174294515e-06,32,37
1013,3.4396370548380104e-06,6.082762530298219,1.7782642737636983e-06,32,38
1014,2.7885882755579434e-06,5.0990195135927845,4.546616695342791e-07,32,39
1015,4.6096939930643015e-06,4.123105625617661,1.4722213474045397e-06,32,40
1016,6.0012259710952435e-06,3.1622776601683795,1.5858620828353047e-06,32,41
1017,1.4760463567150289e-05,2.23606797749979,2.220488277646294e-06,32,42
1018,0.00015418885453002135,1.4142135623730951,5.414370677054001e-06,32,43
1019,0.0009352521597596977,1.0,2.335517633011945e-05,32,44
1020,0.0001674138164988078,1.4142135623730951,1.2920102084751261e-05,32,45
1021,1.5715349641796867e-05,2.23606797749979,4.325001328327385e-06,32,46
1022,2.801397578065511e-06,3.1622776601683795,1.8621391687508995e-06,32,47
1023,0.0009435675216031307,1.0,7.245601007377597e-06,33,34
1024,1.4657997400799766e-05,2.0,1.2705473621012393e-06,33,35
1025,4.664210810411838e-06,9.055385138137417,7.64955550387223e-07,33,36
1026,4.100042351453805e-06,8.06225774829855,8.149691220394367e-07,33,37
1027,5.295200791141945e-06,7.0710678118654755,9.040755672666501e-07,33,38
1028,4.775364907852328e-06,6.082762530298219,5.029159649899635e-07,33,39
1029,4.531089446968055e-06,5.0990195135927845,7.763598550413076e-07,33,40
1030,6.0771513412481625e-06,4.123105625617661,8.839853602941085e-07,33,41
1031,7.076878455105049e-06,3.1622776601683795,9.187219770891811e-07,33,42
1032,1.2666389838129892e-05,2.23606797749979,1.0905083838397353e-06,33,43
1033,0.00016224194213254923,1.4142135623730951,4.778308191441604e-06,33,44
1034,0.0011020715812954504,1.0,1.3135988457815213e-05,33,45
1035,0.00016771152606489073,1.4142135623730951,5.188493713516129e-06,33,46
1036,1.3977893156807699e-05,2.23606797749979,1.501670451966602e-06,33,47
1037,0.001102518892775687,1.0,8.448533271545186e-06,34,35
1038,1.0925320880570333e-06,10.04987562112089,2.758875435147306e-07,34,36
1039,2.441299976198749e-06,9.055385138137417,4.409429705878831e-07,34,37
1040,2.2425848562170565e-06,8.06225774829855,4.175694621574612e-07,34,38
1041,4.79347803662397e-06,7.0710678118654755,4.355900504119862e-07,34,39
1042,5.513630272524726e-06,6.082762530298219,6.298008978771418e-07,34,40
1043,2.638290006840467e-06,5.0990195135927845,4.316481869502432e-07,34,41
1044,6.766197834553396e-06,4.123105625617661,6.768934714515185e-07,34,42
1045,9.987985017392055e-06,3.1622776601683795,7.657368331041532e-07,34,43
1046,1.232428170255741e-05,2.23606797749979,9.558232849839736e-07,34,44
1047,0.0001273241233252457,1.4142135623730951,3.1569729270357517e-06,34,45
1048,0.0009010940378656754,1.0,8.455809175074543e-06,34,46
1049,0.00016068497305827406,1.4142135623730951,3.5739887964784165e-06,34,47
1050,1.4542317919426706e-06,11.045361017187261,5.168379145455484e-07,35,36
1051,3.16174126134104e-06,10.04987562112089,9.311823449127039e-07,35,37
1052,3.545017575041543e-06,9.055385138137417,9.47148656275249e-07,35,38
1053,4.3066642677486965e-06,8.06225774829855,5.131698665300802e-07,35,39
1054,5.736192471593602e-06,7.0710678118654755,1.0720850458928264e-06,35,40
1055,5.4832052446936194e-06,6.082762530298219,1.021952728705393e-06,35,41
1056,4.403692801462536e-06,5.0990195135927845,8.670554349834278e-07,35,42
1057,5.814862771961572e-06,4.123105625617661,8.46008202640831e-07,35,43
1058,7.359180232163969e-06,3.1622776601683795,1.267580686895783e-06,35,44
1059,1.532534260000805e-05,2.23606797749979,1.990761366019857e-06,35,45
1060,0.00017164490878075577,1.4142135623730951,6.807854524588454e-06,35,46
1061,0.001076968108538693,1.0,1.7135326933036573e-05,35,47
1062,0.0009036257653063928,1.0,1.8881315736174277e-05,36,37
1063,9.988967862331499e-06,2.0,1.874673696752131e-06,36,38
1064,6.688927957788955e-06,3.0,6.624042857048872e-07,36,39
1065,6.49714401759303e-06,4.0,1.2938040694258783e-06,36,40
1066,3.5446313371919275e-06,5.0,9.252159901122643e-07,36,41
1067,5.629403664689785e-06,6.0,1.088838070749819e-06,36,42
1068,5.208314958125511e-06,7.0,8.616565215529719e-07,36,43
1069,1.7972329865881495e-06,8.0,7.195949373352867e-07,36,44
1070,3.70615039354946e-06,9.0,1.1592886144134468e-06,36,45
1071,3.3974323952300615e-06,10.0,1.1442705586348312e-06,36,46
1072,2.392731337993397e-06,11.0,9.663113411911168e-07,36,47
1073,0.001007042236526248,1.0,3.106501417326892e-05,37,38
1074,1.0796282564041282e-05,2.0,8.960468544468094e-07,37,39
1075,7.265201070364854e-06,3.0,1.8672930917010832e-06,37,40
1076,6.702737598497027e-06,4.0,1.6913534614915657e-06,37,41
1077,5.3178729074944085e-06,5.0,1.3425118482532108e-06,37,42
1078,3.240347707296289e-06,6.0,7.880850821817411e-07,37,43
1079,2.8831123945142966e-06,7.0,1.31273426908023e-06,37,44
1080,2.09843230157553e-06,8.0,1.4785301692964911e-06,37,45
1081,5.378146798883874e-06,9.0,2.597692786582844e-06,37,46
1082,1.752541317033956e-06,10.0,1.5138337308165944e-06,37,47
1083,0.0009479481240586033,1.0,8.30641211289629e-06,38,39
1084,1.4137419556680571e-05,2.0,2.432650934526156e-06,38,40
1085,5.2796379167089015e-06,3.0,1.411917947085864e-06,38,41
1086,6.4899273706014555e-06,4.0,1.4118399452015105e-06,38,42
1087,6.196188700797738e-06,5.0,1.0592281395269666e-06,38,43
1088,4.056629517265756e-06,6.0,1.4319459061122663e-06,38,44
1089,5.690572032325038e-06,7.0,2.1207416435796118e-06,38,45
1090,1.5392656070425571e-06,8.0,1.1816731399197525e-06,38,46
1091,4.481157525086111e-06,9.0,2.0463821427573044e-06,38,47
1092,0.0009989381629628895,1.0,8.222137384352757e-06,39,40
1093,1.1988281153381581e-05,2.0,8.924916684975865e-07,39,41
1094,7.570435275221926e-06,3.0,6.953329588023096e-07,39,42
1095,5.44658000738584e-06,4.0,5.512334240805328e-07,39,43
1096,3.963848728648788e-06,5.0,5.250144857439168e-07,39,44
1097,3.667874108918463e-06,6.0,5.180412653162715e-07,39,45
1098,4.1286455813861655e-06,7.0,5.529234910739802e-07,39,46
1099,4.651178869869253e-06,8.0,5.87573616640016e-07,39,47
1100,0.0009570583968059733,1.0,1.6117993880894998e-05,40,41
1101,9.549778379133492e-06,2.0,1.4911390624895146e-06,40,42
1102,4.7950685779845715e-06,3.0,8.548484115363316e-07,40,43
1103,5.27174112395914e-06,4.0,1.3217715935755438e-06,40,44
1104,3.223978488895476e-06,5.0,1.1828321259821225e-06,40,45
1105,4.525363804415082e-06,6.0,1.4537050456995837e-06,40,46
1106,3.290651201172941e-06,7.0,1.2490699890244247e-06,40,47
1107,0.0010462557610207473,1.0,1.516457945349167e-05,41,42
1108,1.3456033198818274e-05,2.0,1.4045346440356486e-06,41,43
1109,2.5571827413121713e-06,3.0,8.833853135740578e-07,41,44
1110,3.7980823784701502e-06,4.0,1.2171494512919694e-06,41,45
1111,4.660810235916483e-06,5.0,1.3933158284491105e-06,41,46
1112,3.5791367985181627e-06,6.0,1.2292655588796404e-06,41,47
1113,0.0010288009169224697,1.0,1.1774280808414637e-05,42,43
1114,1.5138678884032987e-05,2.0,1.9741795312381912e-06,42,44
1115,6.028427769667081e-06,3.0,1.378759042331838e-06,42,45
1116,6.321518911001416e-06,4.0,1.4496046473545245e-06,42,46
1117,3.828279080548259e-06,5.0,1.1341789068902168e-06,42,47
1118,0.000978927429413191,1.0,1.2621478390488158e-05,43,44
1119,9.392079416920918e-06,2.0,1.314205486681908e-06,43,45
1120,7.514868127967302e-06,3.0,1.1935694829320875e-06,43,46
1121,8.268121995647475e-06,4.0,1.2558068350388608e-06,43,47
1122,0.0009188887704525302,1.0,2.2037926908632177e-05,44,45
1123,1.1256936113322821e-05,2.0,2.550271791177618e-06,44,46
1124,8.638858215097359e-06,3.0,2.2552255664002923e-06,44,47
1125,0.0009381624856905325,1.0,3.0376287066835877e-05,45,46
1126,1.3137985077501186e-05,2.0,3.6513629646832636e-06,45,47
1127,0.0010567165503125558,1.0,3.586233237075005e-05,46,47
